"zone";"feuille";"station";"lon";"lat";"pluie_originale";"pluie_mm"
"ZONE NORD";"Nord";"Saint-Louis-Aero";-16,27;16,03;"55.7";55,7
"ZONE NORD";"Nord";"RANEROU-FERLO";-13,58;15,18;"9.5";9,5
"ZONE NORD";"Nord";"AERE LAO";-14,32;16,4;"4.1";4,1
"ZONE NORD";"Nord";"AFFE DJOLOFF";-15,42;15,12;NA;NA
"ZONE NORD";"Nord";"BARKEDJI";-14,85;15,27;"3";3
"ZONE NORD";"Nord";"BELEL";-13,67;14,55;"12.5";12,5
"ZONE NORD";"Nord";"BOKHOL";-16,42;16,03;"7.2";7,2
"ZONE NORD";"Nord";"BOKI-DIAVE";-13,48;15,88;"11";11
"ZONE NORD";"Nord";"BOULAL";-15,66;15,4;"0";0
"ZONE NORD";"Nord";"BOW";-13,49;14,92;"0";0
"ZONE NORD";"Nord";"CASCAS";-14,05;16,38;"0";0
"ZONE NORD";"Nord";"CEEBE-COLY";-15,27;15,4;"3.8";3,8
"ZONE NORD";"Nord";"COKI";-15,89;15,61;"0";0
"ZONE NORD";"Nord";"DABIA";-13,49;15,96;"2.2";2,2
"ZONE NORD";"Nord";"DAGANA";-15,5;16,52;"14";14
"ZONE NORD";"Nord";"DAHRA";-15,47;15,33;"1.5";1,5
"ZONE NORD";"Nord";"DAKHAR NGOGNE";-16,58;15,22;"4.5";4,5
"ZONE NORD";"Nord";"DAROUMOUSTY";-16,04;15,04;"0";0
"ZONE NORD";"Nord";"DEALY";-15,72;15,03;"9.699999999999999";9,7
"ZONE NORD";"Nord";"DEMBANKANE";-12,7;15,08;"30.4";30,4
"ZONE NORD";"Nord";"DENDOUDJI";-13,53;15,38;"0";0
"ZONE NORD";"Nord";"DODEL";-14,69;16,5;"2.7";2,7
"ZONE NORD";"Nord";"DODJI";-14,93;15,53;"6";6
"ZONE NORD";"Nord";"DOUNDODJI";-15,18;15,47;"0";0
"ZONE NORD";"Nord";"FANAYE DIERI";-15,22;16,52;"0";0
"ZONE NORD";"Nord";"FETE BOWE";-13,9;14,85;"0";0
"ZONE NORD";"Nord";"FETOLAOBE";-15,23;16,17;"0";0
"ZONE NORD";"Nord";"FOURDOU";-14,31;15,08;NA;NA
"ZONE NORD";"Nord";"FOURDOU";-14,15;15,21;NA;NA
"ZONE NORD";"Nord";"GALOYA";-13,85;16,07;NA;NA
"ZONE NORD";"Nord";"GANGUEL-SOULE";-13,58;15,63;"41";41
"ZONE NORD";"Nord";"GASSANE";-15,28;14,82;"2.2";2,2
"ZONE NORD";"Nord";"GOREE-WALY";-15,2;15,3;"2";2
"ZONE NORD";"Nord";"GOULOM-MBETHIO";-15,28;15,47;"3.7";3,7
"ZONE NORD";"Nord";"GUEDE CHANTIERS";-14,75;16,55;NA;NA
"ZONE NORD";"Nord";"GUENENE";-15,12;15,37;"14";14
"ZONE NORD";"Nord";"GUEOUL";-16,34;15,48;"0";0
"ZONE NORD";"Nord";"GUEYE-KADAR";-14,32;15,87;"13";13
"ZONE NORD";"Nord";"GUIDJILOGNE";-13,33;15,93;"2";2
"ZONE NORD";"Nord";"HAMADY-OUNARE";-13,02;15,33;"0";0
"ZONE NORD";"Nord";"KADD-BALLODJI";-15,77;14,97;"0";0
"ZONE NORD";"Nord";"KADJI";-15,05;15,45;"2.3";2,3
"ZONE NORD";"Nord";"KADJI-MADIA";-15,05;15,45;"0";0
"ZONE NORD";"Nord";"KAMB";-15,42;15,52;"0";0
"ZONE NORD";"Nord";"KANEL";-13,17;15,48;"30";30
"ZONE NORD";"Nord";"KANENE NDIOB";-16,17;15,36;"7.7";7,7
"ZONE NORD";"Nord";"KATANE";-14,11;15,5;"1";1
"ZONE NORD";"Nord";"KEBEMER";-16,44;15,37;"1.6";1,6
"ZONE NORD";"Nord";"KELLE";-16,16;15,33;"0";0
"ZONE NORD";"Nord";"KEUR MOMAR SARR";-15,96;16;"1";1
"ZONE NORD";"Nord";"KHOGUE";-15,17;15,28;"2.5";2,5
"ZONE NORD";"Nord";"KOBILO";-13,52;15,92;"0";0
"ZONE NORD";"Nord";"KOURBOL";-14,25;15,48;"0";0
"ZONE NORD";"Nord";"LABGAR";-14,8;15,82;"0";0
"ZONE NORD";"Nord";"LAMPSAR";-16,33;16,1;"13";13
"ZONE NORD";"Nord";"LEONA";-16,43;15,63;"6";6
"ZONE NORD";"Nord";"LINDE-MOURIDE";-15,13;15,13;"1.6";1,6
"ZONE NORD";"Nord";"LINGUERE METEO";-15,07;15,27;"17.7";17,7
"ZONE NORD";"Nord";"LINGUERE VILLE";-15,1;15,38;"14.6";14,6
"ZONE NORD";"Nord";"LORO";-16,08;15,23;"4.5";4,5
"ZONE NORD";"Nord";"LOUGA METEO";-16,17;15,67;"6.2";6,2
"ZONE NORD";"Nord";"LOUGRE-MBABA";-14,63;14,85;"13";13
"ZONE NORD";"Nord";"LOUGRE-THIOLY";-14,58;15,57;"5.2";5,2
"ZONE NORD";"Nord";"LOUMBOUL-SAMBA-ABDOUL";-13,89;15,32;"19.4";19,4
"ZONE NORD";"Nord";"MAKATARE";-16,41;15,79;"9.199999999999999";9,2
"ZONE NORD";"Nord";"MALANDOU";-13,55;15,18;"15";15
"ZONE NORD";"Nord";"MALANDOU";-13,55;15,18;"15";15
"ZONE NORD";"Nord";"MATAM";-13,25;15,64;"11.1";11,1
"ZONE NORD";"Nord";"MBAME";-14,1;14,83;"14.8";14,8
"ZONE NORD";"Nord";"MBANE";-15,78;16,27;"15";15
"ZONE NORD";"Nord";"MBAR TOUBAB";-15,67;16,02;"8";8
"ZONE NORD";"Nord";"MBEDIENE";-16,2;15,5;"2.5";2,5
"ZONE NORD";"Nord";"MBELONE";-13,77;15,92;"10.6";10,6
"ZONE NORD";"Nord";"LOUMBI";-15,17;15,58;"0";0
"ZONE NORD";"Nord";"MBEULEUKHE";-15,35;15,63;"0";0
"ZONE NORD";"Nord";"M'BIDY";-14,93;16,13;"3";3
"ZONE NORD";"Nord";"MBOLO BIRANE";-13,8;16,05;"9.199999999999999";9,2
"ZONE NORD";"Nord";"MBOULA";-15,43;15,67;"0";0
"ZONE NORD";"Nord";"MBOUMBA";-14,02;16,18;"0";0
"ZONE NORD";"Nord";"MBOUNDOU-MBABA";-14,61;14,62;NA;NA
"ZONE NORD";"Nord";"MOGOTAFSIR-BALA";-13,38;15,65;"23";23
"ZONE NORD";"Nord";"MPAL";-16,27;15,92;"0";0
"ZONE NORD";"Nord";"NAMAREL";-14,75;16,32;"0.5";0,5
"ZONE NORD";"Nord";"NAMARY";-13,67;14,74;"3";3
"ZONE NORD";"Nord";"NAOURE";-14,26;15,02;"5";5
"ZONE NORD";"Nord";"NAOURE";-14,43;15,05;"5";5
"ZONE NORD";"Nord";"N'DANDE";-16,56;15,28;"16";16
"ZONE NORD";"Nord";"NDIAFANE";-13,25;15,66;"0";0
"ZONE NORD";"Nord";"NDIAGNE";-16,07;15,42;"0";0
"ZONE NORD";"Nord";"NDIAYE";-16,27;16,2;"0";0
"ZONE NORD";"Nord";"NDIAYENE PENDAO";-15,55;16,44;"15";15
"ZONE NORD";"Nord";"N'DIOUM";-14,65;16,1;"0";0
"ZONE NORD";"Nord";"NDOULOUMADJI-FOUNEBE";-13,42;15,82;"6.6";6,6
"ZONE NORD";"Nord";"NGAGNE DIOUF";-16,2;15,18;"0";0
"ZONE NORD";"Nord";"NGARAAF";-15,28;15,35;"0";0
"ZONE NORD";"Nord";"NGOUYE-DIERY";-15,25;15,55;"2.5";2,5
"ZONE NORD";"Nord";"NGOUYE-DIERY";-15,26;15,55;"2.5";2,5
"ZONE NORD";"Nord";"NGUERMALA";-15,84;15,85;"5";5
"ZONE NORD";"Nord";"NGUEUNE SARR";-16,27;15,71;"13";13
"ZONE NORD";"Nord";"NGUIDILE";-16,21;15,77;"8";8
"ZONE NORD";"Nord";"NGUITH";-15,15;15,4;"10";10
"ZONE NORD";"Nord";"NIOMRE";-16,09;15,82;"14";14
"ZONE NORD";"Nord";"OGO";-13,28;15,55;NA;NA
"ZONE NORD";"Nord";"OREFONDE";-13,72;16,03;"1";1
"ZONE NORD";"Nord";"OUARKHOKH";-15,23;15,38;"4";4
"ZONE NORD";"Nord";"OUDALAYE";-14,21;14,83;NA;NA
"ZONE NORD";"Nord";"OUROSSOGUI";-13,32;15,6;"18.7";18,7
"ZONE NORD";"Nord";"PETE";-13,93;16,1;"0";0
"ZONE NORD";"Nord";"PODOR";-14,96;16,65;"8.1";8,1
"ZONE NORD";"Nord";"POTOU";-16,5;15,72;"0";0
"ZONE NORD";"Nord";"RANCH DOLI";-15,17;14,75;"3";3
"ZONE NORD";"Nord";"RAO";-16,38;15,92;"0";0
"ZONE NORD";"Nord";"REWANE";-14,38;15,4;"0";0
"ZONE NORD";"Nord";"RICHARD TOLL";-15,7;16,45;"14.5";14,5
"ZONE NORD";"Nord";"ROSS-BETHIO";-16,13;16,28;"10.5";10,5
"ZONE NORD";"Nord";"ROSSO-SENEGAL";-15,8;16,5;"4.2";4,2
"ZONE NORD";"Nord";"SAGATA-DJOLOFF";-15,55;15,22;"0";0
"ZONE NORD";"Nord";"SAGATA-GUETH";-16,17;15,28;"0";0
"ZONE NORD";"Nord";"SAKAL";-16,06;15,6;"1";1
"ZONE NORD";"Nord";"SALALATOU";-13,56;14,46;"15";15
"ZONE NORD";"Nord";"SALDE";-13,88;16,17;"0";0
"ZONE NORD";"Nord";"SAM NDIAYE";-16,37;15,71;"10";10
"ZONE NORD";"Nord";"SAVOIGNE";-16,42;16,03;"9.5";9,5
"ZONE NORD";"Nord";"SEMME";-12,93;15,18;"20";20
"ZONE NORD";"Nord";"SINTHIOU-BABAMBE";-13,12;15,37;"32.2";32,2
"ZONE NORD";"Nord";"SINTHIOU-GARBA";-13,27;15,5;"14";14
"ZONE NORD";"Nord";"TATKI";-15,28;16,22;"0";0
"ZONE NORD";"Nord";"TESSEKERRE BISNABE";-15,05;14,85;"6";6
"ZONE NORD";"Nord";"THIAMENE FASS";-15,51;15,32;NA;NA
"ZONE NORD";"Nord";"THIAMENE KAYOR";-15,86;15,42;"0";0
"ZONE NORD";"Nord";"THIARGNY";-15,28;15,18;"0";0
"ZONE NORD";"Nord";"THIEL";-15,05;14,93;"0";0
"ZONE NORD";"Nord";"THILE BOUBACAR";-15,08;16,52;"25.3";25,3
"ZONE NORD";"Nord";"THIlLEU";-14,87;15,62;"0";0
"ZONE NORD";"Nord";"THILOGNE";-13,58;15,95;"1.7";1,7
"ZONE NORD";"Nord";"THIOLOM FALL";-16,32;15,33;"0";0
"ZONE NORD";"Nord";"THIONOKH";-14,44;14,37;"0";0
"ZONE NORD";"Nord";"TOUBA BOUSTANE";-15,67;15,1;"2.3";2,3
"ZONE NORD";"Nord";"TOUBA GAYENNE";-15,13;15,42;"0";0
"ZONE NORD";"Nord";"VELINGARA-FERLO";-14,74;14,67;"0.5";0,5
"ZONE NORD";"Nord";"WAOUNDE";-12,87;15,25;"59";59
"ZONE NORD";"Nord";"WARKERE FANAYE";-15,16;16,2;"0.9";0,9
"ZONE NORD";"Nord";"WISS-WISS";-15,25;15,27;"0";0
"ZONE NORD";"Nord";"YANG-YANG";-15,33;15,58;"0";0
"ZONE NORD";"Nord";"YOUNOUFERE";-14,46;15,15;"0";0
"ZONE CENTRE";"Centre";"AIBD";-17,06;14,67;NA;NA
"ZONE CENTRE";"Centre";"BABA GARAGE";-16,5;14,96;"1";1
"ZONE CENTRE";"Centre";"BAMBEY METEO";-16,47;14,7;"2";2
"ZONE CENTRE";"Centre";"BAMBEY-Agri";-16,49;14,71;"3";3
"ZONE CENTRE";"Centre";"BAMBYLOR";-17,18;14,8;"13.4";13,4
"ZONE CENTRE";"Centre";"BASSOUL";-16,62;13,83;"3";3
"ZONE CENTRE";"Centre";"BOULEL";-15,6;14,29;"3.5";3,5
"ZONE CENTRE";"Centre";"CAYAR";-17,13;14,91;"0";0
"ZONE CENTRE";"Centre";"COLOBANE";-15,7;14,64;"2";2
"ZONE CENTRE";"Centre";"DABALI";-15,68;13,74;"10.5";10,5
"ZONE CENTRE";"Centre";"DAKAR-BEL-AIR";-17,42;14,7;"24.6";24,6
"ZONE CENTRE";"Centre";"DAKAR-GOREE";-17,4;14,67;"3";3
"ZONE CENTRE";"Centre";"DAKAR-YOFF";-17,5;14,74;"20.4";20,4
"ZONE CENTRE";"Centre";"DALIFORT";-17,42;14,74;"12";12
"ZONE CENTRE";"Centre";"DANKH SENE";-16,14;14,84;"2";2
"ZONE CENTRE";"Centre";"DAROU SALAM";-15,95;13,84;"13.8";13,8
"ZONE CENTRE";"Centre";"DAROU SALAM TYP";-15,85;14,67;"0";0
"ZONE CENTRE";"Centre";"DAROU WOLOF";-14,77;13,99;"0";0
"ZONE CENTRE";"Centre";"DAROU-KHOUDOSS";-16,86;15,13;"0";0
"ZONE CENTRE";"Centre";"DAROU-MINAM2";-15,3;14,54;"25";25
"ZONE CENTRE";"Centre";"DENI-BIRAME-NDAO";-17,17;14,83;NA;NA
"ZONE CENTRE";"Centre";"DIAKHAO";-16,28;14,46;"1.6";1,6
"ZONE CENTRE";"Centre";"DIAMAGADIO";-15,4;13,8;"10";10
"ZONE CENTRE";"Centre";"DIAMAL";-15,77;14,1;"12";12
"ZONE CENTRE";"Centre";"DIAMNIADIO";-17,18;14,72;"47";47
"ZONE CENTRE";"Centre";"DIANKE-SOUF";-15,3;14,23;"3";3
"ZONE CENTRE";"Centre";"DIAOULE";-16,23;14,36;"0";0
"ZONE CENTRE";"Centre";"DIASS";-17,09;14,64;"3";3
"ZONE CENTRE";"Centre";"DIMISKHA";-15,06;13,86;"3";3
"ZONE CENTRE";"Centre";"DIOFFIOR";-16,67;14,18;"0.8";0,8
"ZONE CENTRE";"Centre";"DIOGO";-16,82;15,3;"0";0
"ZONE CENTRE";"Centre";"DIOKOUL-MBELBOUCK";-15,23;13,96;"0";0
"ZONE CENTRE";"Centre";"DIOSSONG";-16,73;14,18;"0";0
"ZONE CENTRE";"Centre";"DIOURBEL";-16,23;14,65;"2.3";2,3
"ZONE CENTRE";"Centre";"DJENDER GUEDJ";-17,08;14,87;"3";3
"ZONE CENTRE";"Centre";"DJILOR SALOUM";-16,33;14,05;"0";0
"ZONE CENTRE";"Centre";"DJILOR SINE";-16,69;14,07;"8";8
"ZONE CENTRE";"Centre";"DJOLY";-16,19;14;"0";0
"ZONE CENTRE";"Centre";"FANDENE";-16,85;14,8;"0";0
"ZONE CENTRE";"Centre";"FASS-TCHECKENE";-14,77;13,89;"6.899999999999999";6,9
"ZONE CENTRE";"Centre";"FATICK";-16,4;14,32;"7.5";7,5
"ZONE CENTRE";"Centre";"FIMELA";-16,66;14,13;"0";0
"ZONE CENTRE";"Centre";"FISSEL";-16,61;14,54;"2.7";2,7
"ZONE CENTRE";"Centre";"FOUNDIOUGNE";-16,47;14,12;"6.3";6,3
"ZONE CENTRE";"Centre";"GAGNICK";-16;14,3;"3";3
"ZONE CENTRE";"Centre";"GAINTHE KAYE";-15,95;13,82;"5.5";5,5
"ZONE CENTRE";"Centre";"GANDIAYE";-16,3;14,2;"0";0
"ZONE CENTRE";"Centre";"GAWANE";-16,4;14,68;"0";0
"ZONE CENTRE";"Centre";"GNIBY";-15,6;14,41;"0";0
"ZONE CENTRE";"Centre";"GOSSAS";-16,08;14,49;"2.5";2,5
"ZONE CENTRE";"Centre";"GUAINTH-PATHE";-14,94;14,37;"5";5
"ZONE CENTRE";"Centre";"GUEDIAWAYE";-17,39;14,78;"14";14
"ZONE CENTRE";"Centre";"GUINGUINEO";-16;14,3;"2.1";2,1
"ZONE CENTRE";"Centre";"IDA-MOURIDE";-14,64;14;"3";3
"ZONE CENTRE";"Centre";"JOAL-FADHIOUTH";-16,85;14,18;"5.4";5,4
"ZONE CENTRE";"Centre";"KAEL";-15,9;14,72;"0";0
"ZONE CENTRE";"Centre";"KAFFRINE";-15,46;14,13;"4.3";4,3
"ZONE CENTRE";"Centre";"KAHI";-15,53;14,15;"50";50
"ZONE CENTRE";"Centre";"KAOLACK";-16,1;14,1;"15.3";15,3
"ZONE CENTRE";"Centre";"KAOLACK-AGRI";-16,1;14,2;"0";0
"ZONE CENTRE";"Centre";"KATHIOTE";-15,4;13,97;"3";3
"ZONE CENTRE";"Centre";"KAYMOR";-15,58;13,77;"22.1";22,1
"ZONE CENTRE";"Centre";"KELLE";-16,58;15,18;"8";8
"ZONE CENTRE";"Centre";"KEUR MASSAR";-17,31;14,78;"0";0
"ZONE CENTRE";"Centre";"KEUR MBOUCKY";-15,81;14,15;"0";0
"ZONE CENTRE";"Centre";"KEUR S DIABEL";-14,83;13,96;"2.3";2,3
"ZONE CENTRE";"Centre";"KEUR SALOUM DIANE";-16,34;13,75;"8";8
"ZONE CENTRE";"Centre";"KEUR SAMBA GUEYE";-16,46;13,89;"16.1";16,1
"ZONE CENTRE";"Centre";"KEUR SAMBA KANE";-16,62;14,91;"9";9
"ZONE CENTRE";"Centre";"KEUR-MABA DIAKHOUBA";-15,97;13,65;"11";11
"ZONE CENTRE";"Centre";"KEUR-MADIABEL";-16,06;13,85;"8.5";8,5
"ZONE CENTRE";"Centre";"KEUR-MBOUCKY";-15,81;14,15;"0";0
"ZONE CENTRE";"Centre";"KEUR-MOUSSA";-17,12;14,77;"0";0
"ZONE CENTRE";"Centre";"KEUR-SOCE";-16,1;14;"0";0
"ZONE CENTRE";"Centre";"KHELCOM";-15,44;14,64;"4.2";4,2
"ZONE CENTRE";"Centre";"KHOMBOLE";-16,68;14,75;"0.8";0,8
"ZONE CENTRE";"Centre";"KIRENE-CDS";-17,07;14,67;"20";20
"ZONE CENTRE";"Centre";"KOUL";-16,62;15,06;"0";0
"ZONE CENTRE";"Centre";"KOUMBIDIA PEULH";-15;13,9;"0.9";0,9
"ZONE CENTRE";"Centre";"KOUNGHEUL";-14,79;14;"5.2";5,2
"ZONE CENTRE";"Centre";"LAMBAYE";-16,51;14,84;"4";4
"ZONE CENTRE";"Centre";"LATMINGUE";-15,9;14,1;"15.5";15,5
"ZONE CENTRE";"Centre";"LOUR-ESCALE";-14,65;14,17;"18";18
"ZONE CENTRE";"Centre";"MABO";-15,67;13,94;"12";12
"ZONE CENTRE";"Centre";"MAKA-YOPP";-14,96;14,07;"6.1";6,1
"ZONE CENTRE";"Centre";"MALEM-HODDAR";-15,23;14,1;"2.5";2,5
"ZONE CENTRE";"Centre";"MALIKA";-17,35;14,78;"36.2";36,2
"ZONE CENTRE";"Centre";"MBACKE";-15,9;14,79;"3.1";3,1
"ZONE CENTRE";"Centre";"MBAO-KM19";-17,33;14,75;"22.3";22,3
"ZONE CENTRE";"Centre";"MBAR";-15,77;14,54;"0";0
"ZONE CENTRE";"Centre";"MBAYENNE";-16,3;15,16;"0";0
"ZONE CENTRE";"Centre";"MBELLACADIAO";-16,29;14,34;"2";2
"ZONE CENTRE";"Centre";"MBEULEUP";-15,57;13,97;"20";20
"ZONE CENTRE";"Centre";"MBIRKILANE";-15,73;14,13;"3";3
"ZONE CENTRE";"Centre";"MBORRO";-16,88;15,13;"2.7";2,7
"ZONE CENTRE";"Centre";"MBOSS";-15,8;14,4;"3";3
"ZONE CENTRE";"Centre";"MBOUR";-16,97;14,42;"11.6";11,6
"ZONE CENTRE";"Centre";"MECKHE";-16,63;15,12;"5.1";5,1
"ZONE CENTRE";"Centre";"MEDINA-SABBAKH";-15,59;13,6;"12";12
"ZONE CENTRE";"Centre";"MEDINATOUL-SALAM";-15,21;13,83;"19";19
"ZONE CENTRE";"Centre";"MEOUANE";-16,75;15,06;"13";13
"ZONE CENTRE";"Centre";"MERINA-DAKHAR";-16,46;15,05;"5";5
"ZONE CENTRE";"Centre";"MISSIRAH-WADENE";-15,09;14;"3";3
"ZONE CENTRE";"Centre";"MONT-ROLLAND";-16,98;14,92;"6";6
"ZONE CENTRE";"Centre";"MOURID";-15,42;14,03;NA;NA
"ZONE CENTRE";"Centre";"NANGO";-14,64;14,1;NA;NA
"ZONE CENTRE";"Centre";"NDAMATOU";-15,83;14,84;"0";0
"ZONE CENTRE";"Centre";"NDAME";-15,9;14,82;"5";5
"ZONE CENTRE";"Centre";"NDEREPPE";-16,53;14,77;"1.5";1,5
"ZONE CENTRE";"Centre";"NDIAGANIAO";-16,72;14,53;"2.2";2,2
"ZONE CENTRE";"Centre";"NDIAPTO PEULH";-14,84;13,83;"3";3
"ZONE CENTRE";"Centre";"NDIASSANE";-16,83;14,91;"0";0
"ZONE CENTRE";"Centre";"NDIEBEL";-16,2;14,4;"16.2";16,2
"ZONE CENTRE";"Centre";"NDIEDIENG";-16,2;13,9;"0";0
"ZONE CENTRE";"Centre";"NDIEFATTE";-16,2;14,1;"17";17
"ZONE CENTRE";"Centre";"NDIEFOUNE-PARBA";-16,65;14,79;"2.9";2,9
"ZONE CENTRE";"Centre";"NDIENE LAGANE";-15,96;14,51;"2";2
"ZONE CENTRE";"Centre";"NDINDY";-16,22;14,92;"2.5";2,5
"ZONE CENTRE";"Centre";"NDIOB";-16,26;14,54;"3";3
"ZONE CENTRE";"Centre";"NDIOBENE-SAMBALAMA";-15,15;14,28;"3.9";3,9
"ZONE CENTRE";"Centre";"NDIOGNICK";-15,63;14,09;"0";0
"ZONE CENTRE";"Centre";"NDIOUM-NGUAINTH";-15,2;14,39;"0";0
"ZONE CENTRE";"Centre";"NDIOUROUL";-15,77;14,78;"0";0
"ZONE CENTRE";"Centre";"NDJIRNDA";-16,63;13,98;"2";2
"ZONE CENTRE";"Centre";"NDOFFANE";-15,9;13,9;"6";6
"ZONE CENTRE";"Centre";"NDOLNDOL";-16,61;14,66;"1.8";1,8
"ZONE CENTRE";"Centre";"NDOULO";-16,11;14,73;"0";0
"ZONE CENTRE";"Centre";"NGAMBIE";-15,81;13,9;"0";0
"ZONE CENTRE";"Centre";"NGANDA";-15,4;13,86;"6.5";6,5
"ZONE CENTRE";"Centre";"NGATHIE-NAOUNDE";-15,9;14,1;"0";0
"ZONE CENTRE";"Centre";"NGAYENE SABAKH";-15,49;13,68;"10";10
"ZONE CENTRE";"Centre";"NGOHE";-16,42;14,62;"0";0
"ZONE CENTRE";"Centre";"NGOLFAGNING";-16,95;14,63;"14.2";14,2
"ZONE CENTRE";"Centre";"NGOR";-17,52;14,74;"20";20
"ZONE CENTRE";"Centre";"NGOUNDIANE";-16,74;14,72;"0";0
"ZONE CENTRE";"Centre";"NGOUYE";-14,8;14,07;"1";1
"ZONE CENTRE";"Centre";"NGOYE";-16,56;14,62;"1.5";1,5
"ZONE CENTRE";"Centre";"NGUEKHOKH";-17;14,51;"23";23
"ZONE CENTRE";"Centre";"NGUELOU";-16,1;14,2;"0";0
"ZONE CENTRE";"Centre";"NGUENIENE";-16,76;14,27;"0";0
"ZONE CENTRE";"Centre";"NIAKHAR";-16,39;14,48;"6";6
"ZONE CENTRE";"Centre";"NIAKHENE";-16,33;15,06;"5.5";5,5
"ZONE CENTRE";"Centre";"NIODIOR";-16,71;13,84;"0";0
"ZONE CENTRE";"Centre";"NIORO ALASSANE TALL";-16,34;13,77;"5";5
"ZONE CENTRE";"Centre";"NIORO-AGRI";-15,68;13,72;"11.3";11,3
"ZONE CENTRE";"Centre";"NIORO-DU-RIP";-15,78;13,73;"14.5";14,5
"ZONE CENTRE";"Centre";"NOTTO-DIOBASS";-16,87;14,7;"2";2
"ZONE CENTRE";"Centre";"NOTTO-GOUYE-DIAMA";-17,01;14,99;"0";0
"ZONE CENTRE";"Centre";"NOUNDOUR";-16,3;14,11;"0";0
"ZONE CENTRE";"Centre";"OUADIOUR";-16,06;14,43;"4";4
"ZONE CENTRE";"Centre";"OUROUR";-16;14,3;"0";0
"ZONE CENTRE";"Centre";"PALMARIN";-16,77;14,03;"0";0
"ZONE CENTRE";"Centre";"PAMBALL";-16,88;14,97;"9.5";9,5
"ZONE CENTRE";"Centre";"PAOSKOTO";-15,75;13,77;"8.4";8,4
"ZONE CENTRE";"Centre";"PASSY";-16,26;13,98;"11";11
"ZONE CENTRE";"Centre";"PATAR LIA";-16,18;14,49;"4";4
"ZONE CENTRE";"Centre";"PATAR SINE";-16,38;14,56;"0";0
"ZONE CENTRE";"Centre";"PEKESSE";-16,42;15,1;"4.8";4,8
"ZONE CENTRE";"Centre";"PIRE-GOUREYE";-16,74;15,01;"0.5";0,5
"ZONE CENTRE";"Centre";"POPENGUINE";-17,13;14,55;"39.2";39,2
"ZONE CENTRE";"Centre";"POROKHANE";-15,84;13,69;"19.5";19,5
"ZONE CENTRE";"Centre";"POUT";-17,09;14,75;"2.5";2,5
"ZONE CENTRE";"Centre";"REFANE";-16,61;14,79;"0";0
"ZONE CENTRE";"Centre";"RIBOT-ESCALE";-14,7;14,4;"0";0
"ZONE CENTRE";"Centre";"RUFISQUE";-17,26;14,74;"0";0
"ZONE CENTRE";"Centre";"SABOYA";-16,08;13,62;"16";16
"ZONE CENTRE";"Centre";"SADIO";-15,5;14,78;"1.9";1,9
"ZONE CENTRE";"Centre";"SAGNA";-15,36;14,09;"0";0
"ZONE CENTRE";"Centre";"SALY-ESCALE";-14,94;13,85;"5.5";5,5
"ZONE CENTRE";"Centre";"SANDIARA";-16,79;14,43;"11.7";11,7
"ZONE CENTRE";"Centre";"SANGALKAM";-17,22;14,77;NA;NA
"ZONE CENTRE";"Centre";"SANGHE";-16,96;14,7;"0";0
"ZONE CENTRE";"Centre";"SANTHIE THIAME";-16,01;14,11;"5";5
"ZONE CENTRE";"Centre";"SEBIKOTANE";-17,13;14,74;"21.6";21,6
"ZONE CENTRE";"Centre";"SEGRE GATTA";-15,73;14;"5";5
"ZONE CENTRE";"Centre";"SINE-MOUSSA-ABDOU";-16,74;15,18;"0";0
"ZONE CENTRE";"Centre";"SOKONE";-16,37;13,87;"7";7
"ZONE CENTRE";"Centre";"TAIBA-NDIAYE";-16,87;15,03;"3.6";3,6
"ZONE CENTRE";"Centre";"TAIBA-NIASSENE";-15,78;13,74;"9";9
"ZONE CENTRE";"Centre";"TAIF";-15,65;14,79;"4";4
"ZONE CENTRE";"Centre";"TAIF TCHIEKENE";-14,7;14,54;"31";31
"ZONE CENTRE";"Centre";"TASSETE";-16,87;14,61;"12.5";12,5
"ZONE CENTRE";"Centre";"TATTAGUINE";-16,6;14,42;"4";4
"ZONE CENTRE";"Centre";"TCHICKY";-17,03;14,61;"19.7";19,7
"ZONE CENTRE";"Centre";"THIADIAYE";-16,7;14,42;"25.5";25,5
"ZONE CENTRE";"Centre";"THIARE";-15,8;13,9;"0";0
"ZONE CENTRE";"Centre";"THIENABA";-16,8;14,77;"6.5";6,5
"ZONE CENTRE";"Centre";"THIES";-16,95;14,8;"3";3
"ZONE CENTRE";"Centre";"THILMAKHA";-16,25;15,04;"0";0
"ZONE CENTRE";"Centre";"THILMAKHA (THIES)";-16,15;15,2;"0";0
"ZONE CENTRE";"Centre";"TIVAOUANE";-16,82;14,95;"2.3";2,3
"ZONE CENTRE";"Centre";"TOCKY GARE";-16,12;14,58;"4.7";4,7
"ZONE CENTRE";"Centre";"TOUBA KHELCOM";-15,51;14,57;"1.5";1,5
"ZONE CENTRE";"Centre";"TOUBA MBELLA";-15,71;14,26;"3.5";3,5
"ZONE CENTRE";"Centre";"TOUBACOUTA";-16,47;13,78;"13";13
"ZONE CENTRE";"Centre";"TOUBA-TOUL";-16,67;14,8;"10.5";10,5
"ZONE CENTRE";"Centre";"WACK-NGOUNA";-16,07;13,75;"8";8
"ZONE CENTRE";"Centre";"YAMONG";-14,92;13,96;"0";0
"ZONE CENTRE";"Centre";"YENNE-GUEDJI";-17,17;14,64;"24";24
"ZONE CENTRE";"Centre";"ZAC-MBAO";-17,3;14,73;NA;NA
"ZONE SUD-OUEST";"Sud-Ouest";"ADEANE";-16,02;12,63;"44.5";44,5
"ZONE SUD-OUEST";"Sud-Ouest";"ANAMBE";-14,15;12,95;"9.800000000000001";9,8
"ZONE SUD-OUEST";"Sud-Ouest";"BADION";-14,35;13,08;"20";20
"ZONE SUD-OUEST";"Sud-Ouest";"BAGADADJI";-14,65;12,85;"5";5
"ZONE SUD-OUEST";"Sud-Ouest";"BALINGHOR";-16,35;12,77;"68.2";68,2
"ZONE SUD-OUEST";"Sud-Ouest";"BAMBALY";-15,66;12,61;"10";10
"ZONE SUD-OUEST";"Sud-Ouest";"BASSIRE";-16,45;12,85;"64";64
"ZONE SUD-OUEST";"Sud-Ouest";"BIGNARABE";-14,88;12,93;"7";7
"ZONE SUD-OUEST";"Sud-Ouest";"BIGNONA";-16,28;12,65;"42.3";42,3
"ZONE SUD-OUEST";"Sud-Ouest";"BOGHAL";-15,58;13,24;"15";15
"ZONE SUD-OUEST";"Sud-Ouest";"BONA";-15,84;12,96;"0";0
"ZONE SUD-OUEST";"Sud-Ouest";"BONCONTO";-13,93;13,02;"18.5";18,5
"ZONE SUD-OUEST";"Sud-Ouest";"BOUNKILING";-15,7;13,04;"6.4";6,4
"ZONE SUD-OUEST";"Sud-Ouest";"BOUROUCO";-15,23;13,27;"0";0
"ZONE SUD-OUEST";"Sud-Ouest";"BOUTEGOL";-16,44;12,7;"82.59999999999999";82,6
"ZONE SUD-OUEST";"Sud-Ouest";"CABROUSSE";-16,71;12,35;"53";53
"ZONE SUD-OUEST";"Sud-Ouest";"CAP-SKIRRING";-16,75;12,4;"71.40000000000001";71,4
"ZONE SUD-OUEST";"Sud-Ouest";"DABO";-14,48;12,88;"7.8";7,8
"ZONE SUD-OUEST";"Sud-Ouest";"DIALADIAN";-13,74;12,7;"0";0
"ZONE SUD-OUEST";"Sud-Ouest";"DIANAH- MALARY";-15,28;12,85;"1";1
"ZONE SUD-OUEST";"Sud-Ouest";"DIAOBE KABENDOU";-14,16;12,91;"35";35
"ZONE SUD-OUEST";"Sud-Ouest";"DIAROUME";-15,62;12,98;"0";0
"ZONE SUD-OUEST";"Sud-Ouest";"DIATTACOUNDA";-15,68;12,57;"13.5";13,5
"ZONE SUD-OUEST";"Sud-Ouest";"DIEMBERING";-16,77;12,47;"112.2";112,2
"ZONE SUD-OUEST";"Sud-Ouest";"DIENDE";-15,56;12,79;"10.8";10,8
"ZONE SUD-OUEST";"Sud-Ouest";"DIOGUE";-16,73;12,56;"17";17
"ZONE SUD-OUEST";"Sud-Ouest";"DIOULACOLON";-14,87;12,82;"4";4
"ZONE SUD-OUEST";"Sud-Ouest";"DIOULOULOU";-16,57;13,04;"38.6";38,6
"ZONE SUD-OUEST";"Sud-Ouest";"DJIBANAR";-15,81;12,55;"0";0
"ZONE SUD-OUEST";"Sud-Ouest";"DJIFANGHOR";-16,21;12,57;"52";52
"ZONE SUD-OUEST";"Sud-Ouest";"DJIREDJI";-15,77;12,62;"18";18
"ZONE SUD-OUEST";"Sud-Ouest";"DOUBIROU";-14,23;13,19;"7.9";7,9
"ZONE SUD-OUEST";"Sud-Ouest";"ENAMPORES";-16,44;12,47;"73";73
"ZONE SUD-OUEST";"Sud-Ouest";"FAFACOUROU";-14,56;13,06;"35";35
"ZONE SUD-OUEST";"Sud-Ouest";"GOUDOMP";-15,88;12,57;"27.5";27,5
"ZONE SUD-OUEST";"Sud-Ouest";"KAFOUNTINE";-16,67;13,1;"57.3";57,3
"ZONE SUD-OUEST";"Sud-Ouest";"KAGNOBON";-16,42;12,84;"30.4";30,4
"ZONE SUD-OUEST";"Sud-Ouest";"KANDIA";-14,22;13,1;"12";12
"ZONE SUD-OUEST";"Sud-Ouest";"KARANTAMBA";-15,5;13,06;"9";9
"ZONE SUD-OUEST";"Sud-Ouest";"KOLDA AGRI";-14,94;12,89;"0";0
"ZONE SUD-OUEST";"Sud-Ouest";"KOLDA METEO";-14,93;12,88;"9.1";9,1
"ZONE SUD-OUEST";"Sud-Ouest";"KOLIBANTANG";-15,21;12,8;"0";0
"ZONE SUD-OUEST";"Sud-Ouest";"KOULINTO";-14,81;13,03;"0";0
"ZONE SUD-OUEST";"Sud-Ouest";"KOUNKANE";-14,08;12,92;"10.2";10,2
"ZONE SUD-OUEST";"Sud-Ouest";"LINKERING";-13,74;12,95;"11";11
"ZONE SUD-OUEST";"Sud-Ouest";"LOUDIA-OUOLOFF";-16,6;12,5;"69.3";69,3
"ZONE SUD-OUEST";"Sud-Ouest";"MACOUDA";-16,67;13,14;"32";32
"ZONE SUD-OUEST";"Sud-Ouest";"MANDA DOUANE";-13,83;13,33;"9";9
"ZONE SUD-OUEST";"Sud-Ouest";"MARSSASSOUM";-15,99;12,83;"25";25
"ZONE SUD-OUEST";"Sud-Ouest";"MEDINA YORO FOULA";-14,72;13,29;"0";0
"ZONE SUD-OUEST";"Sud-Ouest";"MEDINA-GOUNASS";-13,8;13,1;"44";44
"ZONE SUD-OUEST";"Sud-Ouest";"MEDINA-MANDA";-15,2;13,36;"0";0
"ZONE SUD-OUEST";"Sud-Ouest";"MEDINA-MARY";-14,29;13,17;"7.3";7,3
"ZONE SUD-OUEST";"Sud-Ouest";"MLOMP";-16,58;12,55;"15";15
"ZONE SUD-OUEST";"Sud-Ouest";"MPACK";-16,24;12,44;"71.09999999999999";71,1
"ZONE SUD-OUEST";"Sud-Ouest";"NDORNA";-15,03;13,16;"4";4
"ZONE SUD-OUEST";"Sud-Ouest";"NEMANTABA";-14,1;13,2;"10.5";10,5
"ZONE SUD-OUEST";"Sud-Ouest";"NIAGUISS";-16,15;12,57;"48.8";48,8
"ZONE SUD-OUEST";"Sud-Ouest";"NIAMING";-14,76;13,31;"20";20
"ZONE SUD-OUEST";"Sud-Ouest";"NIAMOUNE";-16,3;12,74;"55";55
"ZONE SUD-OUEST";"Sud-Ouest";"NIASSYA";-16,38;12,44;"101.5";101,5
"ZONE SUD-OUEST";"Sud-Ouest";"OUASSADOU";-14,15;12,74;"11";11
"ZONE SUD-OUEST";"Sud-Ouest";"OULAMPANE";-15,9;12,95;"25.5";25,5
"ZONE SUD-OUEST";"Sud-Ouest";"OUSSOUYE";-16,53;12,48;"73";73
"ZONE SUD-OUEST";"Sud-Ouest";"PAKOUR";-13,96;12,8;"7";7
"ZONE SUD-OUEST";"Sud-Ouest";"PAROUMBA";-13,8;12,8;"15.5";15,5
"ZONE SUD-OUEST";"Sud-Ouest";"PATA";-14,95;13,44;"10";10
"ZONE SUD-OUEST";"Sud-Ouest";"SALIKEGNE";-14,74;12,69;"5";5
"ZONE SUD-OUEST";"Sud-Ouest";"SAMINE";-15,63;12,49;"1";1
"ZONE SUD-OUEST";"Sud-Ouest";"SANTHIE CHEIKH";-15,06;13,3;"12";12
"ZONE SUD-OUEST";"Sud-Ouest";"SARE BIDJI";-15,01;12,92;"5.3";5,3
"ZONE SUD-OUEST";"Sud-Ouest";"SARE YOBA DIEGA";-15,1;12,76;"0";0
"ZONE SUD-OUEST";"Sud-Ouest";"SARE-COLI-SALLE";-14,1;13,1;"9";9
"ZONE SUD-OUEST";"Sud-Ouest";"Sedhiou-AGRIC";-15,55;12,78;"8";8
"ZONE SUD-OUEST";"Sud-Ouest";"Sedhiou-VILLE";-15,56;12,7;"9.5";9,5
"ZONE SUD-OUEST";"Sud-Ouest";"SIMBANDI BALANTE";-15,78;12,56;"10";10
"ZONE SUD-OUEST";"Sud-Ouest";"SINDIAN";-16,18;12,96;"30.5";30,5
"ZONE SUD-OUEST";"Sud-Ouest";"SINTHIAN-KOUNDARA";-13,9;13,3;"13";13
"ZONE SUD-OUEST";"Sud-Ouest";"TANAFF";-15,43;12,65;"4";4
"ZONE SUD-OUEST";"Sud-Ouest";"TENDOUCK";-16,46;12,72;"61";61
"ZONE SUD-OUEST";"Sud-Ouest";"TENGHORY";-16,22;12,77;"67.5";67,5
"ZONE SUD-OUEST";"Sud-Ouest";"THIOBON";-16,54;12,85;"44.2";44,2
"ZONE SUD-OUEST";"Sud-Ouest";"THIONCK-ESSYL";-16,49;12,78;"110";110
"ZONE SUD-OUEST";"Sud-Ouest";"TOBOR";-16,26;12,69;"55.2";55,2
"ZONE SUD-OUEST";"Sud-Ouest";"VELINGARA-CASA";-14,1;13,15;"9.1";9,1
"ZONE SUD-OUEST";"Sud-Ouest";"ZIGUINCHOR";-16,27;12,55;"49.40000000000001";49,4
"ZONE SUD-EST";"Sud-Est";"BAGNOMBA";-12,39;12,72;"0";0
"ZONE SUD-EST";"Sud-Est";"BAKEL";-12,28;14,54;"32.5";32,5
"ZONE SUD-EST";"Sud-Est";"BALA";-13,17;14,02;"7.5";7,5
"ZONE SUD-EST";"Sud-Est";"BALLOU";-12,23;14,73;"25.3";25,3
"ZONE SUD-EST";"Sud-Est";"BANDAFASSY";-12,3;12,53;"105.5";105,5
"ZONE SUD-EST";"Sud-Est";"BANI-ISRAEL";-12,88;13,83;"0";0
"ZONE SUD-EST";"Sud-Est";"BELE";-12,28;14,4;"14.6";14,6
"ZONE SUD-EST";"Sud-Est";"BELLY WAMETAKE";-12,57;13,36;"0";0
"ZONE SUD-EST";"Sud-Est";"BOUTOUCOU-FARA";-12,49;13,4;"32.2";32,2
"ZONE SUD-EST";"Sud-Est";"BOYNGHEUL-BAMBA";-12,94;14,09;"0";0
"ZONE SUD-EST";"Sud-Est";"BRANSAN";-12,1;13,26;"0";0
"ZONE SUD-EST";"Sud-Est";"DAKATELY";-12,61;12,49;"92.5";92,5
"ZONE SUD-EST";"Sud-Est";"DIALAKOTO";-13,3;13,32;"0";0
"ZONE SUD-EST";"Sud-Est";"DIANKE-MAKHA";-12,66;13,68;"13";13
"ZONE SUD-EST";"Sud-Est";"DIAWARA";-12,53;15,02;"52.9";52,9
"ZONE SUD-EST";"Sud-Est";"DINDIFELO";-12,33;12,37;"0";0
"ZONE SUD-EST";"Sud-Est";"DOUGUEY";-12,81;13,99;"37";37
"ZONE SUD-EST";"Sud-Est";"FONGOLIMBY";-12,02;12,42;"124.1";124,1
"ZONE SUD-EST";"Sud-Est";"GABOU";-12,4;14,72;"13.5";13,5
"ZONE SUD-EST";"Sud-Est";"GAMBIE-DIAOUBE";-12,27;14,29;"11.6";11,6
"ZONE SUD-EST";"Sud-Est";"GOUDIRY";-12,71;14,18;"47";47
"ZONE SUD-EST";"Sud-Est";"GOUMBAYEL";-13,18;13,69;"7.5";7,5
"ZONE SUD-EST";"Sud-Est";"KAOR";-13,28;13,8;NA;NA
"ZONE SUD-EST";"Sud-Est";"KEDOUGOU Station";-12,2;12,57;"71.5";71,5
"ZONE SUD-EST";"Sud-Est";"KENIABA";-12,08;14,03;"19.5";19,5
"ZONE SUD-EST";"Sud-Est";"KHOSSANTO";-11,97;13,13;"51.90000000000001";51,9
"ZONE SUD-EST";"Sud-Est";"KIDIRA";-12,22;14,45;"0";0
"ZONE SUD-EST";"Sud-Est";"KOMOTY";-12,92;13,66;"37";37
"ZONE SUD-EST";"Sud-Est";"KOTHIARY-NAOUNDE";-13,46;13,89;"0";0
"ZONE SUD-EST";"Sud-Est";"KOULOR";-13,41;13,98;"12";12
"ZONE SUD-EST";"Sud-Est";"KOUMPENTOUM";-14,55;13,99;"9";9
"ZONE SUD-EST";"Sud-Est";"KOUSSAN";-12,45;14,13;"55";55
"ZONE SUD-EST";"Sud-Est";"KOUSSANAR";-14,09;13,87;"15";15
"ZONE SUD-EST";"Sud-Est";"KOUTHIABA";-14,45;14,17;"12";12
"ZONE SUD-EST";"Sud-Est";"LAMINIA";-12,11;12,64;"64.09999999999999";64,1
"ZONE SUD-EST";"Sud-Est";"MAKA-COULIBANTANG";-14,3;13,67;"0";0
"ZONE SUD-EST";"Sud-Est";"MAKO";-12,35;12,84;"0";0
"ZONE SUD-EST";"Sud-Est";"MISSIRAH";-13,52;13,55;"9";9
"ZONE SUD-EST";"Sud-Est";"MISSIRAH-SIRIMANA";-11,7;13,09;"0";0
"ZONE SUD-EST";"Sud-Est";"MOUDERY";-12,58;15,05;"16.3";16,3
"ZONE SUD-EST";"Sud-Est";"NETTEBOULOU";-13,78;13,58;"22";22
"ZONE SUD-EST";"Sud-Est";"SABADOLA";-12,11;13,16;"0";0
"ZONE SUD-EST";"Sud-Est";"SALEMATA";-12,63;12,7;"33.8";33,8
"ZONE SUD-EST";"Sud-Est";"SARAYA";-11,79;12,79;"9";9
"ZONE SUD-EST";"Sud-Est";"SINTHIOU-FISSA";-12,37;14,38;"9.899999999999999";9,9
"ZONE SUD-EST";"Sud-Est";"SINTHIOU-MALEM";-13,94;13,77;"17";17
"ZONE SUD-EST";"Sud-Est";"SINTHIOU-MAMADOU-BOUBOU";-12,8;14,27;"0";0
"ZONE SUD-EST";"Sud-Est";"TAMBACOUNDA-AERO";-13,68;13,77;"18.7";18,7
"ZONE SUD-EST";"Sud-Est";"TAMBACOUNDA-VILLE";-13,67;13,77;"33.9";33,9
